username,password
user1,pass1
user2,pass2
user3,pass3
user4,pass3
user5,pass3
user6,pass3
user7,pass3
user8,pass3
user9,pass3
user10,pass3
user11,pass3
user12,pass3
user13,pass3
user14,pass3
user15,pass3
user16,pass3
user17,pass3
user18,pass3
user19,pass3
user20,pass3
user21,pass3
user22,pass3
user23,pass3
user24,pass3
user25,pass3
user26,pass3
user27,pass3
user28,pass3
user29,pass3
user30,pass3
user31,pass3
user32,pass3
user33,pass3
user34,pass3
user35,pass3
user36,pass3
user37,pass3
user38,pass3
user39,pass3
user40,pass3
user41,pass3
user42,pass3
user43,pass3
user44,pass3
user45,pass3
user46,pass3
user47,pass3
user48,pass3
user49,pass3
user50,pass50
